UID,From Bus,To Bus,R,X,B,Cont Rating,LTE Rating,STE Rating,Tr Ratio
b1,1,5,0.0,5.76e-06,0.0,20000.0,20000.0,20000.0,0
b2,2,7,0.017,9.2e-07,0.158,20000.0,20000.0,20000.0,0
b3,3,9,0.039,1.7e-06,0.358,20000.0,20000.0,20000.0,0
b4,3,6,0.0,0.000586,0.0,2400.0,2400.0,2400.0,0
b5,6,7,0.0119,0.001008,0.209,1200.0,1200.0,1200.0,0
b6,7,8,0.0085,0.0007199999999999,0.149,2000.0,2000.0,2000.0,0
b7,8,2,0.0,0.000625,0.0,2000.0,2000.0,2000.0,0
b8,8,9,0.032,0.00161,0.306,2000.0,2000.0,2000.0,0
b9,9,4,0.01,0.00085,0.176,2000.0,2000.0,2000.0,0
